Company Name,Long Description,Contacts,Categories
1MG,"1mg aims to make healthcare accessible, understandable, and affordable for all Indians. It offers ePharmacy, eDiagnostics, and health information to enable consumers to better manage their health.","1mg.com
View twitter profile
View linkedin profile",HEALTHTECH
1MG,,,
1MG,,,
1MG,,,
1MG,,,
1MG,,,
1MG,,,
1MG,,,
1MG,,,
1MG,,,
1MG,,,
1MG,,,
1MG,,,
1MG,,,
1MG,,,
1MG,,,
1MG,,,
1MG,,,
1MG,,,
1MG,,,
1MG,,,
1MG,,,
1MG,,,
1MG,,,
1MG,,,
1MG,,,
1MG,,,
1MG,,,
1MG,,,
1MG,,,
1MG,,,
1MG,,,
